name,latitude,longitude
Gracechurch,52.5634267,-1.8249827
,52.5265743,-1.8265799
,52.472281,-1.9183707
,52.507339,-1.8666242
,52.5257759,-1.838648
,52.5308189,-1.8584165
,52.4190708,-1.857515
,52.5175728,-1.864795
,52.4912144,-1.8848866
,52.4425656,-1.9091963
,52.5189961,-1.8353551
,52.4702762,-1.892912
,52.4346074,-1.9565271
The Mailbox,52.4766912,-1.9041632
,52.4288296,-1.8754329
,52.4052348,-1.8737122
,52.4969903,-1.9070496
,52.4973759,-1.9041482
,52.4941506,-1.7726556
,52.5075416,-1.9407783
,52.4496921,-1.9338928
,52.4337017,-1.9479582
,52.4323267,-1.9488986
,52.4508949,-1.9274273
,52.4444533,-2.0099405
,52.4934385,-1.9323702
,52.4075177,-1.8888943
,52.4666241,-1.8573899
,52.4781207,-1.8898739
,52.4859478,-1.9047736
,52.4876138,-1.9059971
,52.4459924,-1.8220086
,52.4537579,-1.9126868
,52.4549023,-1.9132376
,52.5629702,-1.8121356
,52.4345276,-1.9281688
,52.4362713,-1.92955
,52.4280258,-1.8582467
,52.5506015,-1.8843282
Police parking,52.4839441,-1.8945759
,52.4795822,-1.9128526
,52.5236392,-1.8413778
,52.5516437,-1.8854664
residents allocated parking,52.4155742,-1.872488
The Old Fire Station,52.4610993,-1.9490723
,52.5327716,-1.7670093
,52.4882165,-1.8143298
,52.5440152,-1.8505195
,52.4657909,-1.8924596
,52.4661634,-1.8922128
,52.4792012,-1.9036952
,52.4810101,-1.9036042
,52.4802799,-1.9029923
,52.4476786,-1.9125023
,52.4475871,-1.9127357
Colonade Carpark,52.4788653,-1.9005063
,52.4889284,-1.8874769
Arena Birmingham North,52.4802859,-1.9144297
,52.4287133,-1.8883414
,52.4281048,-1.8883192
,52.4504372,-1.9340162
Broadway Plaza,52.4740016,-1.921301
4 Brindley Place (private),52.4780774,-1.9141296
,52.4795802,-1.894556
,52.4793327,-1.9003974
,52.4803659,-1.9022749
,52.4824209,-1.8946467
,52.482077,-1.8940714
,52.476602,-1.8997134
,52.4769598,-1.8963097
,52.4779909,-1.9075156
Arena Central,52.477521,-1.9061574
,52.4734603,-1.9171961
,52.5240804,-1.8992011
,52.4804864,-1.8942799
,52.4811467,-1.8934277
,52.4793318,-1.8932802
,52.4751897,-1.9035436
,52.4751848,-1.9038802
,52.4763847,-1.8911733
,52.4727504,-1.9176373
Park Regis Hotel,52.4732389,-1.9163726
,52.4519916,-2.010551
,52.4558406,-2.0085913
,52.4553216,-2.0088322
,52.4530959,-2.0075857
,52.4767437,-1.886415
,52.4040492,-1.8844434
Arca Car Park,52.4801032,-1.8979191
,52.4499438,-1.9311667
,52.4564568,-1.9054176
,52.4474216,-1.9394372
,52.4487742,-1.9349603
,52.4581218,-1.9037216
,52.4550021,-1.9296405
,52.4491915,-1.9318407
,52.4770864,-1.9086452
,52.4862088,-1.8979002
Imperial House Car Park,52.4797723,-1.8991584
RCP Somerset House Car Park,52.4799966,-1.8990495
Bank House Car Park,52.4803207,-1.897593
The Wesleyan Building Basement Parking,52.4833093,-1.8968551
Three Snowhill Underground Car Park,52.4843714,-1.8994044
Two Snowhill Underground Car Park,52.4840423,-1.8990684
One Snowhill Underground Car Park,52.483529,-1.8984284
,52.54569776535816,-1.8311294893550287
,52.56014140052963,-1.8207853636105147
,52.48057233206714,-1.878300717142811
,52.479682309041294,-1.8779764189810828
,52.53200533184673,-1.7792382689691024
Disabled,52.53246526287406,-1.7812856958957488
,52.39400020358411,-1.9540538968049919
,52.39921300266181,-1.9611238816114016
,52.532457572468196,-1.8631845321615752
,52.557143484231204,-1.845391331582925
,52.44503505678862,-1.817031261288963
,52.564320355339454,-1.8339609489961102
Eastside Car Park,52.48004013477512,-1.8853582829785522
,52.529368767732215,-1.8951691351712867
,52.60483408826224,-1.8443009304695348
,52.56084708182903,-1.823179561840373
Four Oaks Station Car Park,52.57957892365482,-1.8286770514774373
Four Oaks Station Car Park,52.578854134355986,-1.8282321499013912
Anchorage Road Car Park,52.56685918010521,-1.8242047312313507
,52.564918991616295,-1.8258461501620133
Lower Reddicroft,52.564455347718216,-1.82376705108297
Upper Reddicroft,52.56493062789429,-1.8240095305303767
,52.5612902651989,-1.8326255539468148
,52.45153392673999,-1.8997936334006464
,52.53792581847093,-1.8748170360416752
,52.52954872518863,-1.8739331654297857
,52.558919880096404,-1.8255353248560535
Yardley Wood Park & Ride,52.42123818259253,-1.8552223087446094
,52.5502607475102,-1.8170709748292275
,52.538188805106316,-1.913294069409887
,52.477226220683974,-1.9690969583085416
,52.52767050975353,-1.9056220128129258
,52.451076400000005,-1.953005
Cliveland Street,52.489378156578354,-1.8947749523784922
Buckingham Street,52.48966107755476,-1.9048050108252959
,52.52253525823968,-1.8401950327594054
,52.50417630496183,-1.8569641099183698
,52.50817218872303,-1.8234839788081794
,52.51107850511516,-1.8121986426633592
Pavilion Car Park,52.421846136331574,-1.9406744675347898
,52.410362974821155,-1.9273262009732988
Moseley Village Car Park,52.445816712641516,-1.8877294414516468
,52.44902566356718,-1.818543873031202
,52.452592067663275,-1.7843401779276356
,52.49694555897667,-1.8962304300641613
,52.52214177758521,-1.9172633257233578
,52.42821047791297,-1.9393567481719804
Livery St Car Park,52.48374425123941,-1.8995942458696498
,52.42946401305919,-1.9343140864442434
,52.50728172405858,-1.9303962819216496
,52.44162227793835,-1.9396212436329163
,52.445671674820396,-1.8912557546354127
,52.44860334470929,-1.9332506059333006
,52.41508268344082,-1.9665236896464526
,52.42722680402622,-1.9549029769649593
,52.45112338081287,-1.9563325406331633
,52.41671294039403,-1.9124394134646765
,52.4277153377395,-1.9725413682256305
,52.50280423254037,-1.907263635693003
Hills Car Park,52.449747976182344,-1.9322411239856307
,52.45424591555894,-1.962498677814257
,52.43083399853451,-1.9231136671064024
,52.455883184291174,-1.9550161567208812
,52.45436979014993,-1.9550098197650874
,52.45907161176463,-1.9575565587287396
,52.44562184169146,-1.9493014368703827
,52.4351777639583,-1.944093532008099
Waverhill Road Car Park,52.50214282074754,-1.931238290482701
Medical School,52.45169150480699,-1.9389981303806343
,52.426923894968624,-1.927621555039973
Boulton Road/Soho Road Car Park,52.5031020758714,-1.9376860561169835
Car Park F Staff Only,52.452912423995635,-1.9448402249356909
Duchess Road Car Park,52.473684652593285,-1.9248597749183358
Town Hall Car Park,52.47787334006757,-1.9033297554373743
B4 Car Park Birmingham,52.484848014401216,-1.8973060381717302
,52.41612329835636,-1.8881760011006563
Grand Central Parking,52.47777837992876,-1.8997662980479033
,52.440269155104744,-1.9883148456360304
,52.40345285205278,-2.0057407952778084
,52.43827148022206,-1.980215704055624
,52.410629797404134,-1.933895065877028
Castle Vale Retail Park,52.51680625418104,-1.7967152870603282
,52.533455277329146,-1.7833333569055625
Newhall Street Car Park,52.48454566788021,-1.9071812584008532
,52.47453020510968,-1.9135070309165905
,52.45232497543424,-1.9281917054092959
NCP Horsefair,52.47376969033413,-1.900310894093388
Q-Park Brindleyplace,52.47778139135549,-1.914781805247008
Albert Street,52.481021875660794,-1.8928301515706298
,52.47585026438561,-1.9124357670651135
,52.44700468301285,-1.819649528050815
Warwick Road Car Park,52.44712421876071,-1.8227125179763595
,52.45000656705731,-1.8655555269441746
,52.438019279226225,-1.8308481862087937
Pype Hayes,52.52756336209555,-1.810119576607625
,52.44281131643703,-1.941695259217716
,52.604787504949954,-1.8450898895953958
Aston University,52.485092913281385,-1.8861806965835142
,52.48898458716534,-1.9296472419207746
,52.554502823997225,-1.892414508083049
Londonderry House,52.48231942779469,-1.8928497183060307
BCFC,52.47468411915122,-1.8687331448295423
BCFC,52.47465436957578,-1.869685004962425
Lottie Road Car Park,52.4390692886608,-1.939013664376566
Aldi,52.44492132099309,-1.9351566049722304
Tyseley Locomotive Works,52.45377768050168,-1.8434411306796523
,52.457580916246116,-1.90553832762644
St Matthew's,52.490114600000005,-1.8770855500000003
,52.45014054599938,-1.9369988665672802
,52.44971579260062,-1.9368692863984185
,52.47520641779386,-1.9135765117108419
Moor Street Car Park,52.47772077134076,-1.8910528716914285
,52.474278658237914,-1.9192716579662745
Staniforth Street Car Park,52.48812252415604,-1.8928405570731355
,52.5622282068021,-1.8222753960459117
Short Stay car park,52.47474340707713,-1.8883632783512607
,52.478698349399785,-1.8876543828057033
Residents Parking,52.47361475257195,-1.9128725428611029
Staff Car Park,52.45390893822564,-1.9358725294066
Car Park D Patients & Visitors,52.45384942175032,-1.9401183664242063
Staff Car Park,52.452688713138066,-1.9423150777190128
,52.45352501261051,-1.9418796913931293
National Blood Transfusion Service Staff Car Park,52.45246376773859,-1.9355855613283945
,52.474222023693905,-1.9106285925300306
Lee Longlands Customer Car Park,52.475683072517384,-1.9120508483026684
,52.436526307966474,-1.930222620606153
Great Charles Street Car Park,52.48311888967511,-1.9030966141462269
,52.3962726173851,-2.0059104713923617
,52.428270645470604,-1.9228669629773811
,52.43938395736097,-1.9252648257372944
,52.42561676544639,-1.9398269018786174
,52.42482691820661,-1.935471553138143
Kings Norton Station Car Park,52.413837551647674,-1.933890346567014
,52.43476290286595,-1.9286479474553009
Match Officials car park,52.455345034861914,-1.9006792653882547
,52.43330661188856,-1.9281104875353094
,52.569376176373375,-1.7974405294489935
,52.44197875890949,-1.935219474285884
,52.43391464306775,-1.8911869215851682
,52.43326975370536,-1.8918631730752156
,52.4352594349247,-1.8914949097168372
,52.55385478192493,-1.8840672139421821
NCP Gough Street,52.475285968154424,-1.9020594200206207
NCP New Street,52.47574039655976,-1.9004186213467273
,52.44591512640619,-1.8233579835839053
,52.44609813164017,-1.8198094693183293
,52.44595531466563,-1.8210767178670708
,52.45299659442443,-1.7897472491196997
,52.46552293213438,-1.8215742686198828
,52.435156572311186,-1.9437194889239016
,52.39770448573862,-2.0063824240525956
,52.47133574359245,-1.9232474465908982
,52.47113405268333,-1.923649550434251
,52.4041682355029,-1.8836415507306974
,52.45736618812724,-1.8756443130076268
Visitors' Car Park,52.47929913845071,-1.8302873104056148
,52.47903885955359,-1.8258778668637337
,52.47621688828491,-1.8267123037654969
,52.48221439506822,-1.8960236204247043
,52.47566182982565,-1.8969288736694108
Arcadian Car Park,52.47416419903709,-1.8955928409168565
,52.47906691749568,-1.8884959671718067
,52.47477010701149,-1.898909926129702
Euro Car Parks Fiveways,52.47369280054294,-1.915262209327352
Arena Birmingham South,52.479267203958926,-1.916771639968317
,52.46500513261995,-1.8904743922469873
Euro Car Parks Fiveways,52.474338933305255,-1.9144833836629804
,52.464836000401796,-1.8685179285716942
,52.46891169738055,-1.9265483483226693
,52.46698049422486,-1.9287048987737943
,52.488352572755275,-1.8874034660534238
Jewellery Quarter Car Park,52.4884691363471,-1.912093086053757
Abacus,52.47282234803531,-1.883161287756703
,52.483487452292685,-1.9078532032184081
Lower Tower Street,52.49078876993991,-1.8976401688050508
Star City multi-storey,52.505415615281656,-1.8539586151539456
,52.49792876816836,-1.8847396180394569
,52.4057335740569,-1.8862715619357686
,52.45284288357704,-1.9047327169022477
Lionel Street Car Park,52.48337130319901,-1.903462047037975
Smith Street Car Park,52.491604358153616,-1.9083844817197055
,52.46858551336608,-1.8764123588918222
Barr Street,52.4911255453173,-1.9091333207496648
,52.479220718998135,-1.9242973199713513
,52.478647366749236,-1.8706022490866392
,52.49524561587924,-1.8375838366001196
,52.472435581467344,-1.8663336145348226
,52.47118340134937,-1.8582996394284799
,52.47941503633496,-1.9272574152582649
,52.47829228801338,-1.9334098012956342
The Rex Centre Parking,52.47093119732319,-1.8609967217293444
,52.43447033902803,-1.855195961276972
,52.54572317675067,-1.9316704840041545
Community Hall Parking,52.48043898208117,-1.914962088194195
Brewery Street Coach and Lorry Park,52.4896962973434,-1.8938205561764958
,52.47236095100478,-1.938168300224752
,52.521027352166215,-1.8956026598788556
Car Park 12,52.48450115725714,-1.8884119081378128
Millennium Point Car Park,52.48390253267109,-1.8851573831378767
Hill Street Car Park,52.47628657054884,-1.8991366551613202
,52.49010289196809,-1.895451461535257
,52.45898983159488,-1.7786486659931806
,52.46196658904428,-1.7893062021234838
,52.43761790189426,-1.8452829683440355
,52.47659340684796,-1.8885159341480418
Edgbaston reservoir Parking,52.47737472313263,-1.9362989882282038
,52.48667120449954,-1.8947132512029112
,52.55476307886173,-1.8260405735153022
,52.55483253469741,-1.8254860345336092
,52.459123324428205,-1.9118337309202627
Air Parks Airport Parking,52.47180290215377,-1.769856030596618
,52.47279725080869,-1.921807570561474
,52.44803505000001,-1.8485317999999982
,52.547844711042195,-1.8113523668323643
,52.45092762618566,-1.9010771981318852
,52.442565800835744,-1.9366967074789263
,52.44116956516746,-1.9354618068138283
,52.54855755,-1.82359825
,52.55750177504847,-1.8258954749493344
,52.55725919143971,-1.8249176531284181
,52.55838623961236,-1.823898704983549
,52.557414803622144,-1.8266374052501455
,52.55853248566769,-1.824947761578079
,52.55847688131361,-1.8247261135446884
,52.45899555942918,-1.8716056704510924
,52.46277637639375,-1.802121583835268
,52.55700947132712,-1.8196228562387258
,52.55841834580123,-1.8176958294080312
,52.43163457481876,-1.8679086668899167
96 Bath St Parking,52.48639003628223,-1.896295865684199
,52.55781275386387,-1.8229438423344178
,52.517485256002175,-1.819478356043397
,52.51744363686557,-1.8221967319056864
,52.5169879041165,-1.820519751232466
,52.517137049999995,-1.8215228500000002
,52.56012213419325,-1.81369615159164
,52.498395363125,-1.8965825019990499
,52.50845273771338,-1.8945400758134228
,52.553228746786,-1.8835987529332117
,52.52608718966452,-1.9051251879155828
,52.52613109931186,-1.9045176684021192
,52.5266208,-1.9060000000000001
,52.516954276235076,-1.9123315056302561
,52.558203200990846,-1.8259182870926962
,52.5585342038427,-1.8252467861600223
,52.55790969163291,-1.8261080655422597
,52.559306879260944,-1.8256087521126063
,52.55962406194492,-1.8251680802615586
,52.55941239790474,-1.8253471044167113
,52.560251858907776,-1.8246085567404788
,52.426495209841576,-1.9299762085033483
,52.559853454971474,-1.8214541016150771
South Parade Car Park,52.559536993200524,-1.8199813416114978
,52.55971055198536,-1.8214176204039267
Jaguar - Rail head parking,52.5109298600307,-1.8060221880465561
,52.56142336154837,-1.8190521217790425
,52.56026699833753,-1.8196619411767723
Mill Street,52.56385061829153,-1.822869631398314
,52.56404205617517,-1.822803144141479
Sutton Coldfield Baptist Church Car Park,52.56313146250533,-1.822113351408535
,52.563862837396385,-1.822102390038807
Sutton Coldfield Baptist Church (Top Car Park),52.56371027497537,-1.8224176958873461
,52.540612533964776,-1.8218542556870658
,52.540020533816175,-1.8212425174890159
,52.539551636336,-1.8209007116176597
,52.53312661851395,-1.816693220004129
,52.53653608698474,-1.8260362569552642
,52.51560011068695,-1.819994726412712
,52.51648338336782,-1.8192388471600591
,52.536042595867556,-1.8265747011801443
,52.53615699811489,-1.8265519686881269
,52.539647447165144,-1.825205767747983
,52.53992096992149,-1.8254819588951157
,52.535025807585754,-1.8266577014206329
,52.457887475879254,-1.9505931489419295
,52.56576649744191,-1.8236974404662678
,52.56639783227157,-1.8241071869859051
,52.56493739216941,-1.823024413407672
,52.564637712365325,-1.8206788896942818
,52.56574361309818,-1.821178955232848
,52.56477276150904,-1.8210022175769733
,52.564382274381295,-1.8208903539260766
,52.49202220812166,-1.9144277877384646
,52.56004704346564,-1.8261734558111893
,52.55982786907116,-1.8267748701308464
,52.55368873643964,-1.8288060799089252
,52.55231224919692,-1.8272798958905692
,52.552567239231244,-1.8274396113454408
,52.54311640936445,-1.8654547394192669
,52.44233415000001,-1.8351075000000001
,52.54662689032593,-1.8925365272072807
,52.56363291018839,-1.8200929850652716
,52.564029314741205,-1.8202579417080675
Birmingham City Council Staff Car Park,52.487476051344295,-1.892360167090862
,52.54993036246893,-1.8253551293103822
,52.550294247613984,-1.826463922718758
,52.55130836527458,-1.82620783642679
,52.549749608372714,-1.8250307146022122
,52.55202911290299,-1.8270241701192163
,52.53725038155754,-1.8270593534693826
,52.53767864812042,-1.8273914015749373
,52.536260759978965,-1.8083600002225508
,52.53574023803882,-1.811864651242885
,52.5356021828249,-1.8122696913590661
,52.536139416401966,-1.81183717472579
,52.43644631680194,-1.9426599027407296
,52.46390378639052,-1.814559501405995
,52.547863025948025,-1.8575782159935812
,52.54816619228214,-1.8582274368599232
,52.54812325215889,-1.8574105602884512
,52.548373103498996,-1.8575665286680036
,52.54818490690021,-1.8578095479679388
,52.54797691031647,-1.8585504844068803
,52.54784600000001,-1.85729295
,52.54801000094888,-1.8579577894984682
,52.547629256606164,-1.8577159334971551
,52.54827891787253,-1.857619092571724
,52.5479917,-1.85703185
,52.54832589253689,-1.8578578133441157
,52.548026440486375,-1.8576406488604706
,52.547998983520515,-1.8577539101709764
,52.5480327670796,-1.8572417161524033
,52.54783912459955,-1.8581916646003283
,52.54825981684297,-1.8563481485593574
,52.547933947956686,-1.8556242650551766
,52.53339115,-1.8285060499999999
,52.53356267806504,-1.8285727278103743
,52.53362534703337,-1.8273922193278485
,52.53346860913558,-1.82859642355484
Calthorpe Arms,52.5155956972818,-1.912130027034441
,52.52725031768012,-1.8399345444380997
,52.4194268,-1.85939355
,52.54097026494167,-1.8015153403068982
,52.541305595502934,-1.8009362586593918
,52.54003210312291,-1.8005010474708143
,52.54030412258243,-1.8004877671015667
,52.54109887984628,-1.8009449548348098
,52.540286,-1.8006102
,52.53993396031123,-1.8010661546930424
,52.539990049999986,-1.80063015
,52.54156874537167,-1.800758841686374
,52.541407114760865,-1.800407533207598
,52.540299273126635,-1.801016677377433
,52.54122297988196,-1.8001041004642375
,52.54108441941665,-1.80048848429283
,52.541356647831066,-1.8015363418455035
,52.54109515889408,-1.8003394281506337
,52.541620248103804,-1.8005026360788874
,52.459299264033746,-1.9453454616815684
Tesco,52.51330897733382,-1.8883687188490375
,52.538647497199364,-1.8025418837721927
Northfield Shopping Centre,52.41696375800025,-1.9680762826911564
,52.54030979399428,-1.8685216218242602
,52.54306443790554,-1.8022230263858938
,52.553197015377705,-1.8945405472592747
,52.438421586864564,-1.9106182546237167
,52.41563084216614,-1.9285820099672966
,52.41335296847627,-1.9378128951352527
,52.45695334877627,-1.9332893055797409
,52.453334933125866,-1.9338843656492
Signet Jewellers ( H Samuel) Staff Car Park,52.495837038694305,-1.9142309437355596
,52.501911221438455,-1.9181997170887535
,52.54621608981822,-1.8000125668913296
,52.54619235834644,-1.8008942599325586
,52.54533235582093,-1.8000716282608504
,52.54577129760426,-1.80063541237972
,52.54620169728701,-1.8007810411844305
,52.54619367209986,-1.8005298326167891
,52.54618269112998,-1.8002806544403813
,52.54622514893616,-1.80113389118546
Temple Car Park,52.503618956796345,-1.9325441202663816
Hanley Street Car Park,52.48850153753179,-1.897092384416453
Cecil Street Car Park,52.48888725631478,-1.8964315481881917
,52.54653939927063,-1.8004214280933746
,52.54664974700149,-1.8001402783285982
,52.546543869519006,-1.8000216869542676
,52.54676768468999,-1.8007466560743517
,52.546751838710165,-1.8006374725466188
,52.546558003369235,-1.800590475382615
,52.54720625229303,-1.799512456073287
,52.54662218591409,-1.8010475896579436
,52.546582313826306,-1.8008648027889707
,52.54708804675621,-1.7995557108193614
,52.55199373141176,-1.867026268266506
,52.552338772981905,-1.8677367034402177
,52.55259106495119,-1.8675140930574115
,52.551902796012264,-1.866227963970065
,52.55217171362397,-1.8664818049864897
Cadbury World,52.42987475719487,-1.929571242995894
Cadbury World,52.43003108045097,-1.933134002244318
Cadbury World,52.43012034228891,-1.9306434751041985
Hanley Street / Summer Lane Car Park,52.48873460493522,-1.8984361402184426
Hospital Street,52.48710546151907,-1.900850272870797
,52.48970420821271,-1.896532153912921
,52.549059250000006,-1.7991144999999995
,52.54906397688314,-1.7989557463339478
,52.41366226127525,-1.903320020475262
,52.50538732173893,-1.883670523372458
,52.5297104575279,-1.8153685759159779
,52.529005802335085,-1.8159715739645994
"TV, Media Compound",52.51044749799583,-1.885467612092874
Villa Village Parking,52.51042731780904,-1.8866022142364676
Holte Parking,52.50793007491116,-1.8829850888068411
,52.50840340476372,-1.8435612752111321
,52.4091017,-1.9477405500000007
Wychall Farm School staff car park,52.407896212346664,-1.9496446849572908
The Camp Pub Car Park,52.41259157943174,-1.9353186792774795
,52.501008722002396,-1.8653877335776927
Away Coach Parking,52.51095342709105,-1.8849183903096394
,52.45070938968876,-1.9091338736163228
,52.5051019,-1.8611135
,52.5052177,-1.8608995
,52.50519950000001,-1.8602056499999942
,52.50562073633696,-1.860404644042712
,52.5052739,-1.8610674500000026
,52.50766851623426,-1.8653587830080813
,52.50547335,-1.8605457
,52.505757908740996,-1.860269664751006
,52.505519904585114,-1.8611664911694017
,52.50716855000001,-1.8664612000000003
,52.50508599288581,-1.8607322983399253
,52.50560769609856,-1.8610909103148068
,52.505570250000005,-1.8607025499999998
,52.50569715,-1.86057965
,52.50517445,-1.8608166000000028
,52.505822989436865,-1.8604570366950346
,52.5055249,-1.8608622999999995
,52.53149108804605,-1.801809237145845
,52.4148286252733,-1.8858869331809318
,52.48591604451161,-1.9085141564527437
Temple Car Park ( for temple worshippers),52.484136120994926,-1.9107447913049056
Northwood Street Car Park,52.487465713293666,-1.9064292618304226
,52.44056815477729,-1.9589616072251688
Gala Bingo Parking,52.457518614658674,-1.9545870060222932
,52.45395605173903,-1.8654710047205159
,52.44247724758212,-1.8556519566998622
,52.472019525963056,-1.86264110429589
Forest Drive,52.46262684802852,-1.9488621517651719
,52.480238221735036,-1.7861444825753217
,52.48824353712159,-1.793581983193232
,52.56033290710537,-1.8352231640030532
,52.53544787885033,-1.8318653521296282
,52.559353827260914,-1.8457067173658814
,52.55927567882304,-1.8458845440915879
,52.560565944580375,-1.8468783053244904
,52.55815375826447,-1.8455550439994908
,52.56002098837444,-1.846258464910167
,52.39870805234838,-2.0092297144596794
,52.399484979438974,-2.0065710880996432
,52.49865612546102,-1.7900297886497838
,52.55212174999999,-1.9074103000000002
,52.4632933469633,-1.9184114578602802
,52.46306490677287,-1.9955741707052488
Winterbourne House parking,52.45280158748562,-1.9249623080100193
New Bingley Hall,52.49541891905712,-1.9167180804722443
,52.49600191109444,-1.9161935348368528
,52.54656492157425,-1.8932644109382788
Mere Green;Sainsburys,52.586805499269204,-1.826989881205301
,52.587419259056965,-1.8258821193228665
,52.45728738057618,-1.9259198370461261
,52.457662883071734,-1.9257215448739604
,52.45747952043697,-1.9246772759115132
,52.54677205677085,-1.8575370571291525
Iceland,52.550886859746484,-1.884169967982124
kKings Road Methodists,52.55166856404959,-1.8790120115363993
,52.437127883804706,-1.9308787358134976
,52.4263205416705,-1.9292493942265827
,52.42615798317202,-1.928753905329764
,52.4709196,-1.9409046
,52.470891855787684,-1.941498499127804
,52.472664360281186,-1.9276710650012552
,52.43364729999999,-1.9450131999999971
,52.51223131815829,-1.798761374933027
,52.529244627156146,-1.7678026271239409
Genners Lane Car Park,52.433814921586254,-1.9961887367395053
Cromwell Lane Car Park,52.433995524577824,-1.9927739179793194
,52.487493289923925,-1.9381827735086135
,52.457042929023764,-1.8766936523058626
,52.45819272285109,-1.8772373937897464
Albert Street,52.45725918570299,-1.8714885484338626
,52.55040307754076,-1.8283968865039806
,52.54981730838969,-1.8290949447047924
Heartlands Hospital Staff Car Park,52.47577940345562,-1.8375144675244213
,52.54552958609852,-1.831916159319197
,52.51018674810797,-1.923567520418884
Drakes Drum,52.54020708313296,-1.897350144942583
,52.54888229424244,-1.8257935824060325
,52.51972655283415,-1.8772443830136676
,52.55030329606137,-1.841013116035595
Blue Zone Staff Car Park,52.47982702475344,-1.8295557228887018
Staff Car Park,52.480084581652584,-1.8306858261385892
Blue Zone Staff Car Park,52.47777958737343,-1.8313760806133312
,52.476003524633306,-1.8362494724011311
,52.47730182739439,-1.8317184496802863
Station Street,52.5643900056029,-1.8247959666469395
,52.55079088487809,-1.8417713435061482
,52.54800219439079,-1.840718761689761
,52.548316546418505,-1.840142813444431
Trinity Street Car Park,52.47555969092675,-1.88189160102687
Zellig Car Parking,52.47505367043055,-1.8853347236382536
,52.550425934256765,-1.8403774852067905
,52.548498550336426,-1.8378199900723184
,52.54743040993314,-1.8403666204838331
,52.54754223470552,-1.839176115488268
,52.54764046326223,-1.8393012659470662
,52.40802679316949,-1.9289256741208316
,52.524023662920484,-1.8413246339681952
,52.42256992347307,-1.9670515163905231
,52.539217925453784,-1.835627462417558
,52.424541442237405,-1.9577492980889786
,52.538095904807285,-1.835822617079981
,52.4525443547501,-1.8461838191931863
,52.45283011262395,-1.8460619631156912
,52.45223590275313,-1.8462693396544512
,52.444100144640956,-1.8517278072857803
,52.40023114738758,-2.01861401975115
Harborne Golf Club Car Park,52.45568546508876,-1.9686607546485926
,52.46057815562382,-1.8323567181357638
,52.52261767767416,-1.838920134495347
,52.53504558285396,-1.8355846998843974
,52.53509736415971,-1.8350075058362247
,52.53518210966405,-1.8355738139924747
,52.535471271461375,-1.8358018070201876
,52.534952588080834,-1.8352912890633597
,52.53486530404985,-1.8353810907712353
,52.53494325901798,-1.835711585819575
,52.53500950987268,-1.8348896627463938
,52.535430771461385,-1.8357046070201901
,52.56838027181642,-1.8137461983967766
,52.5332808337165,-1.8377563062127653
,52.45392270751634,-1.996707858464892
,52.455461793737946,-2.0049531884448735
,52.408833514051025,-1.9647499275900313
,52.40795553495732,-1.9667810991003065
,52.39933284076501,-1.9551079870587391
,52.518201370084235,-1.8025856761011172
,52.46380414075347,-1.8853702833367119
,52.467272708171905,-1.8793755007401818
,52.52788045674472,-1.8391629251770814
,52.52839321644523,-1.8391106239094746
,52.53228458971081,-1.8313383016367306
,52.5310706978708,-1.8326786280877
,52.53080562319815,-1.8327838625315092
,52.53222976074604,-1.8315409733717076
,52.53166249878759,-1.8319373959297334
,52.5323925385762,-1.8305613690101403
,52.527522813620045,-1.8373763445885318
,52.427198861424294,-1.872376747822726
,52.54119750818517,-1.849131804678162
,52.53415281677183,-1.8369535893771165
,52.47076493235702,-1.8808149440676076
,52.43743609975063,-1.9020527806711476
,52.55443001039243,-1.8977540849792613
Red Lion,52.52857375134247,-1.8433604864097557
,52.52701235292957,-1.8429823313752263
,52.52186345055587,-1.8455775068607028
,52.51852261759835,-1.8508899427051486
,52.5186104,-1.8512341999999997
,52.51862499999999,-1.8509797000000001
,52.518567717285954,-1.8511089851108267
,52.51248310057393,-1.8532015874786127
,52.51369297826223,-1.8535999597034933
,52.515589200131124,-1.85010590553219
,52.514461999032,-1.8516721767118756
,52.51469909848765,-1.8515764815478275
,52.515628449999994,-1.8510726499999994
,52.515578201200086,-1.8505509678881862
,52.51554549312213,-1.8512227873716567
,52.5141997775044,-1.851830117902496
,52.5143576710966,-1.8518520558219418
,52.402779632187375,-2.01676480298633
Machin Road Car Park,52.5242211219133,-1.8417439433385254
,52.43531529791436,-1.8470453250591417
,52.4404592183701,-1.850124825915855
,52.436987869955466,-1.8461359068820689
,52.48856974231314,-1.9093083552069083
Marks & Spencer,52.46021172529577,-1.9431777361685685
,52.460572257419834,-1.9428229056254758
,52.46066691007405,-1.945548186030921
,52.46033018286922,-1.9465040599188224
,52.5787110529357,-1.8288368903785368
,52.57717063505722,-1.8274970489507674
The Deer's Leap,52.56134438069367,-1.8924885644793947
,52.56689215996491,-1.825730234786577
,52.5683724260056,-1.8278507214146527
,52.56414118638413,-1.8336249854027573
,52.57226434259764,-1.839892762599729
,52.52341867196217,-1.8432043807058553
,52.52502032967777,-1.8397963964447124
,52.52545211901519,-1.839041778004128
,52.526637467922264,-1.8379171913049983
,52.47396781256607,-1.8098124735258074
,52.50946229756448,-1.8293718165928958
,52.510798592981345,-1.8297394000449203
,52.508583917362614,-1.8167251926950703
,52.51033569479204,-1.8286158230932092
,52.51166246084107,-1.8275266250631794
,52.510594007151575,-1.821759696154521
,52.50994847371437,-1.8312740347515086
,52.46938915,-1.90232705
,52.46940820000001,-1.90198125
,52.46951602434796,-1.9024811040385305
,52.425844517511344,-1.9736934048646722
,52.47363442483927,-1.8661919045811637
,52.472106733530715,-1.8731361965495594
,52.472869715276204,-1.873148599398961
,52.480552496774216,-1.8760982505289527
,52.47698151386603,-1.8763016700782056
,52.47889144559217,-1.8766132984455548
,52.478503206301504,-1.8753406927971206
,52.475013841129375,-1.8832587090655617
New Hall Mill Car Park,52.5473780893892,-1.805687790146769
,52.547341773844444,-1.8098395239672018
,52.560086369267616,-1.8023969114844502
,52.5598984170037,-1.802292276364232
,52.55973624241745,-1.8022077857664252
,52.55998631818958,-1.8021890884558238
,52.517197356140265,-1.8059402154256186
,52.51834240712691,-1.8060702205783334
,52.51965628463238,-1.8006244372071978
,52.51593369796388,-1.8100669049968725
,52.51675910445015,-1.8077009815141738
,52.51989968419189,-1.7995517718299663
,52.51640447176025,-1.8098304530615255
,52.51812176032712,-1.8073592132878282
,52.51935408887449,-1.8014935610391716
,52.47070621269389,-1.8811404649383523
,52.47255189466749,-1.884206605458819
,52.4717077,-1.8829137500000002
,52.47559067747054,-1.8905192790274574
,52.431097859950995,-1.9804280636896479
,52.53650129868757,-1.8373907099749553
,52.53603216682333,-1.8382112494106346
,52.53287936136671,-1.8287389019809197
,52.56991490524583,-1.8234897344681993
,52.56830668732533,-1.8241923838810719
,52.56788961654211,-1.824078264387361
,52.56751233157584,-1.823608833915204
,52.567445665878765,-1.8234730415992388
,52.56757099983661,-1.8239221330161866
,52.57038364375444,-1.8236533486310145
,52.53447306464483,-1.847825340817934
,52.53212112953442,-1.8454217426588284
,52.524473864654205,-1.8364036789572717
,52.52412124662939,-1.836897469878899
,52.474309543674906,-1.8742554407786014
,52.39852980161047,-2.007137711169597
,52.39853265676935,-2.0043487307310714
,52.38494871458334,-1.9922453071517792
,52.39041140000001,-2.0031267500000003
,52.5470968929629,-1.8416054995702635
,52.397202010593205,-1.9823537028279976
,52.51567751957564,-1.8490991066314943
,52.40477462716537,-1.9978078968930335
,52.4047095136257,-1.9966545334334245
,52.51534198705274,-1.9356080927196333
,52.451221846157594,-1.9260339692233446
,52.50347794193985,-1.8095152912692027
,52.55369261591651,-1.8856632154403343
,52.45821404709023,-1.9491464860518912
,52.51538739100639,-1.7888990241252083
,52.516848973798496,-1.7810070283997423
,52.5453976102833,-1.7535002056851992
,52.55032136516275,-1.7966045325079465
,52.548794636072685,-1.7897155495220558
,52.56000375528573,-1.8017273004816796
,52.55576417017921,-1.7962286255382396
,52.55554339925976,-1.7948551996206927
,52.55609840586746,-1.794914175569873
,52.55584412552967,-1.795235750894698
,52.555559263451435,-1.7953288561819511
,52.55566343613005,-1.797196434060634
,52.556729485281814,-1.7992251936305936
,52.556030927458686,-1.7985843591230941
,52.560231607338885,-1.7911875950593872
,52.51379915330379,-1.8366667943082111
,52.555113755827286,-1.796057671468911
,52.517511207676236,-1.8179352705942087
,52.43082039748359,-1.9315880448110765
,52.518883829679694,-1.8463755804361368
The Grove,52.51337601954866,-1.9343963455483337
,52.46431134895402,-1.8415414261797571
,52.48710767755247,-1.8100785464268379
,52.52228232529368,-1.819693148697021
,52.52394962647688,-1.8238679909403512
,52.44595293635413,-1.860055273823875
,52.44417870517492,-1.858124501320427
,52.499411392486174,-1.8952339999661487
Springfield Medical Practice,52.44553172213878,-1.8601718940574734
,52.44514424999999,-1.8596111499999999
Tesco,52.494980468078026,-1.8170653467345113
,52.4868146847525,-1.808342369127998
,52.493888430386086,-1.8192905605862821
,52.53963537318159,-1.7929677002839541
,52.51827896409996,-1.9044647164191562
,52.4592419099034,-1.8569907439957138
,52.46004044058453,-1.8496821975257556
,52.45887483867908,-1.8548915083224802
,52.45869149498503,-1.8550536798969033
,52.45808804801206,-1.8525040820792258
,52.5207339,-1.85357035
,52.448844589551285,-1.8111968285249034
,52.43910272537676,-1.8595355454191664
,52.43849046342374,-1.859952543631158
Yardley Wood Park & Ride,52.42104842203985,-1.8564224842034187
,52.5817830552506,-1.813277062127094
,52.5827953397954,-1.8131098682141422
,52.58827237035949,-1.8321321175844822
Shakespeare Street Car Park,52.4546850389037,-1.866299963557619
,52.50907247659491,-1.9545639740157985
,52.56955476284879,-1.809828753372499
,52.569107376039135,-1.810789366904067
,52.56801630170867,-1.809995352107738
,52.459166767349814,-1.8769870985093524
,52.461438642056386,-1.943552590292737
,52.56908592486336,-1.8124642508779532
,52.569441668271175,-1.8129980803589427
,52.438191984990226,-1.8165694235121475
,52.47179880179135,-1.920737763072878
,52.4864231770393,-1.9194108355042558
,52.485682556272806,-1.920148345252835
Alum Rock Road Car Park,52.49060955237082,-1.85710865612594
,52.541241332082855,-1.848762663936192
,52.54229279072147,-1.8476658754066084
,52.54293661408119,-1.8496742447728882
,52.55788615549913,-1.8669675962059469
,52.561791939313586,-1.8500719350265358
,52.5848294444313,-1.8401100497074294
,52.57857744408116,-1.8484299833935995
,52.57298218989894,-1.8594071046762481
,52.5787857475988,-1.8621244261161176
,52.579546501388926,-1.8695426864548315
,52.57888106200748,-1.8664804358167901
,52.57919832755263,-1.8681563914280335
,52.47815182895291,-1.911092609813296
,52.48264835665224,-1.9247410413971657
,52.59074044865927,-1.8486785509632617
,52.47400674827704,-1.9083173273669285
,52.46884445356022,-1.8994061462093597
,52.46927609985219,-1.8978503495381938
,52.469084461472775,-1.8967291756593245
,52.46956231037895,-1.8975067838483834
,52.47056528427468,-1.897569461191635
,52.470211976561444,-1.8973508919207103
,52.47760080594939,-1.8664384136164731
Staff Parking,52.47790105027068,-1.8661111926879925
,52.472285845890234,-1.9002367885880032
,52.471363535068186,-1.9035059433812431
,52.46793134147267,-1.9225466046205502
,52.46793450408005,-1.8774566520893459
,52.4683826586702,-1.8772987663433776
,52.46305839847036,-1.875491176287884
,52.46466024578516,-1.8800001831763224
,52.46482361669106,-1.8767910268917503
,52.46522139463209,-1.8742112974360736
,52.46414369438804,-1.8755151261115222
,52.43422293042586,-1.8918259474534658
M&C Car Park,52.55628030283642,-1.8453730276871043
,52.554184449173746,-1.8460113838319736
University of Birmingham West Car Park,52.450084842646945,-1.938078734189916
,52.55077508648923,-1.8420742965346375
,52.56382170577223,-1.796648226806489
,52.56476002132853,-1.8093217817145435
,52.44208535062379,-1.81519870288438
,52.442229892918654,-1.815076834154443
,52.44141610181308,-1.815476368596904
,52.43873916265874,-1.868863747391479
,52.46193551951783,-2.0126469789242454
,52.43138086552036,-1.902953567834689
,52.43052075572532,-1.9031267157471041
,52.42971079711209,-1.9067340857063366
,52.43165290726667,-1.9012590661685322
,52.43294542346413,-1.9009318425732749
,52.45691995000001,-2.0071114
,52.47327847272,-1.9075235857872843
,52.52707289423212,-1.7666615911028904
Directors & Players Parking,52.50959175166081,-1.886539251587252
North Stand Parking,52.50988475174854,-1.8860672156217657
,52.50678560055926,-1.8752705500591886
,52.50443567783777,-1.8784697605504856
Sycamore Centre / AVFC Season Ticket Holders,52.50452308681911,-1.8792034482398319
,52.45012899486359,-1.8177626522710946
,52.55038964963031,-1.8587183396860718
,52.54910945038774,-1.8586893690988344
,52.43281489663495,-1.8828336474356313
,52.43319139407611,-1.8828055861419868
,52.43247231753335,-1.8836252692339754
,52.452703888436275,-1.9402321143522416
Ambulance Parking,52.45126644605763,-1.941166297410339
Staff Car Park B1,52.451291814976784,-1.9445484189673128
Public Car Park A,52.45015074631917,-1.9417505979775547
A&E Ambulances,52.45230616476569,-1.9434903898850748
,52.45182858519876,-1.9380887282173045
Grange Road Car Park,52.44748215719029,-1.9324243985436105
,52.453009752179206,-1.8294288337008373
,52.44876387303759,-1.9393132403253868
Public Car Park A,52.45015146685575,-1.9427261304262566
,52.45017136256261,-1.9435512655283134
,52.44781263945656,-1.9418881304379525
,52.450975184756494,-1.7798743357614428
,52.51235225945038,-1.8849945733990148
,52.57175925863828,-1.8017008714726972
,52.57137897819302,-1.8021494730372234
,52.5479034427679,-1.8607174968480347
,52.4742563386459,-1.888944635597345
,52.44880415034634,-1.9252330890919496
,52.44861353004803,-1.9240769952634489
,52.44835714061209,-1.9251737913230038
,52.44898858081459,-1.9243497948772867
,52.44834860891382,-1.9254816311284213
,52.44839884789376,-1.9248975604373761
,52.438585560117936,-1.833427029634811
,52.44903553275681,-1.9186596333338022
,52.4456243861827,-1.9238792762787233
,52.444358407483165,-1.926822852912751
Saint Stephen's Car Park,52.44338211292347,-1.9234467624473182
,52.52530124236685,-1.8586477409060964
,52.563547110934415,-1.8046017145666087
,52.46700221676724,-1.9337890772790098
,52.40875032191651,-1.9128151236257132
,52.434591114793136,-1.9172886693092095
,52.433959672976506,-1.9169120167304838
,52.40742280687794,-1.9085221652974218
,52.435792080380004,-1.9164064001919099
,52.43552329597105,-1.9168971057314863
,52.43650546189566,-1.9148430446572777
,52.435055687251186,-1.918637324550182
,52.4312965625974,-1.920571265332409
,52.43088872787248,-1.9217387683925904
,52.42271856232915,-1.921709272153115
Wickes & Toolstation,52.42324444962015,-1.9223820899906292
,52.423587674189115,-1.9235212789091756
,52.43123074421483,-1.8933762979629092
,52.45658797296878,-1.9265280123804822
,52.45407771675407,-1.9299825237076589
,52.45441101415233,-1.9267076183755818
,52.45470685642944,-1.9259244983391661
,52.455243642152546,-1.926166420572804
,52.45440229421021,-1.925671393188479
,52.456108160115015,-1.926776269954014
,52.45297752960486,-1.9282128885466603
,52.40792585776218,-1.9063264104537032
,52.45981201907197,-1.84200721783746
,52.542470953132884,-1.854763574815033
,52.54151847668772,-1.8524604913229217
,52.516837853332454,-1.8168030849851076
,52.51688236034584,-1.8181445699640424
,52.51674939331822,-1.8171236216500142
,52.40727661620698,-1.906503125104575
,52.40735866941936,-1.9062100705693494
,52.593030533380905,-1.8261214763323026
,52.59343438215603,-1.8072537341841095
,52.590024079229686,-1.8057148122206281
,52.43451512439507,-1.9196003115817486
,52.43444818826679,-1.9187249424388912
,52.457405283506795,-1.895039439970318
,52.438841762501355,-1.941808930742453
Jaguar car park,52.51565186757056,-1.8133010188080458
,52.48180151762627,-1.9340204057917798
,52.43940212156152,-1.9409659754582984
,52.45277180026447,-1.7828143033650312
,52.49085741453852,-1.7691649504404459
,52.489847249825644,-1.9285725741792015
Heartlands Hospital Staff Car Park,52.47513985689978,-1.83443169430177
,52.55182719610576,-1.9088873478809243
,52.39730610076295,-2.0090423135356223
,52.39616582448356,-2.0130544635777214
,52.39700802027861,-2.010238207767682
,52.41597920517596,-1.9694959936805962
,52.464860145756916,-1.8912731925705344
,52.48765104659793,-1.8879150070511217
,52.50383049770622,-1.933957143967814
,52.39512200172083,-1.9814879004548673
,52.458554117452195,-1.8694198752347675
,52.486527992400255,-1.8874355455711211
,52.486550799999996,-1.88762335
,52.46633968516402,-1.8094398650709893
,52.46735150157719,-1.8098985270719437
,52.5103666471486,-1.823893371230272
,52.517502137011306,-1.7817422998647185
,52.54682765701503,-1.8414457272335447
,52.463575617065324,-1.8726891007808426
,52.54867086621003,-1.8926216519318624
,52.54394449468712,-1.8447599700780446
,52.518752150422365,-1.8075538752370994
,52.38359887455455,-2.0018614331206486
,52.38366628607653,-2.002217444033966
,52.38416570030694,-2.0021090597255906
,52.52991309175956,-1.8471044737875124
,52.497296166676925,-1.8828457795739073
,52.58321939815044,-1.8114407190074455
,52.583500105063024,-1.8067648834410313
,52.47754050077107,-1.8812198492513732
,52.431364177746204,-1.8784345638679243
,52.45490014647495,-1.8739384407619317
,52.55058317660041,-1.8603956963230328
,52.474592890081254,-1.9039176101987327
,52.529412174810716,-1.9094390633650633
,52.48436030370073,-1.8847691689289054
Visitor Car Park and Deliveries,52.48929427460798,-1.8867623214661255
,52.39785133908997,-1.9538273957686152
Sainsbury's Car Park,52.39518937161044,-1.9834850287779093
,52.394136932361555,-1.990591952054466
Town Centre Car Park,52.394394445019735,-1.985858985356995
,52.46486943802887,-1.7875549624473148
,52.45555330045032,-1.86844180718144
,52.422126903104974,-1.9290510129356284
,52.494268560352836,-1.7776187332036848
,52.49470151256139,-1.777504015541094
,52.4366315414124,-1.8923988278442883
,52.503020143488385,-1.8015612172493731
,52.503010504854615,-1.8007686644156027
,52.39754430481915,-1.9533581491185685
St Basil's Centre Car Park,52.47640804635846,-1.8810283221379083
Teamwork Karting Car Park,52.47604145845808,-1.8794027633536385
,52.505555400000006,-1.8005004499999986
,52.50565869294813,-1.8003659736205906
,52.50554512373121,-1.8006866200281935
,52.5057814073087,-1.800387926284996
,52.44912293366538,-1.9286627481652996
,52.46788358071439,-1.833242571215806
,52.44956146608554,-1.9268805716240605
Royal Mail Staff Car Park,52.49540997288828,-1.8912968354771535
,52.43507997483062,-2.0053994865465152
,52.41244281042503,-1.9030544842712358
,52.410757298394174,-1.9014870849918848
,52.41084222236122,-1.9018356220161967
,52.41222119861159,-1.9024332012447578
Selco,52.51965714900432,-1.8047671289251412
,52.40069192240329,-1.9993789819506345
,52.469937222981926,-1.8937789997278414
,52.46983127793567,-1.8904193363797195
,52.431293759357516,-1.9208944909880659
,52.414432853550515,-1.9719388556165651
Sainsbury's,52.41344931278122,-1.9745811418583237
Aldi,52.41348133366767,-1.9714683206344072
,52.41645587398078,-1.970871971056546
,52.39440988622845,-2.0136952245556325
,52.39411729806944,-2.014467450081102
,52.47130620688902,-1.885512273509985
,52.46847530021761,-1.8867315971380902
,52.46714796312878,-1.8841608295823427
,52.466910274091674,-1.8859341114314983
Coventry Street Car Park,52.477318922267244,-1.888545128211131
,52.478557407866504,-1.902872938213819
,52.478594570603676,-1.9025858708286183
,52.47835289398427,-1.903452508539165
Anopol Ltd.,52.477272732396365,-1.8850255158486064
Fazeley Street,52.47849159773245,-1.883411659303007
,52.478106125820496,-1.8880697693911053
,52.47711066332759,-1.8845170015806116
,52.47869650905052,-1.8906397153166237
,52.44808062905986,-1.9247798058085896
North East Car Park,52.4529359051288,-1.9270213144400683
,52.550751055797534,-1.8592915427859293
,52.486960597258005,-1.8841100237560682
,52.48722006245397,-1.8855088539926037
,52.48957248085152,-1.8864725683931238
,52.491038739165276,-1.8881806634564695
,52.48743460570068,-1.9107139036235588
Snatchpac Ltd,52.47316323538284,-1.881931692336805
Bagot Street,52.48934467606054,-1.892845175039768
Jacksons Recovery,52.4906414267341,-1.8945252045164784
,52.49145481143049,-1.8911034715965331
,52.428631781292275,-1.901333418073166
,52.458080513134085,-1.9142521004419601
,52.45767747480558,-1.9133117678211766
,52.45948550296806,-1.91191081674373
,52.51314209509168,-1.8268185183371464
Drill Square,52.45358629994258,-1.9076211875303588
,52.45335016737689,-1.9070674242693668
,52.45285042711133,-1.906298487563466
,52.45439731065326,-1.906747746608793
,52.45396216713078,-1.906574993742675
,52.45453727862945,-1.9057604419029561
,52.4891209592155,-1.896933260738752
,52.49205567887123,-1.896044172380781
,52.49173055769791,-1.909930996719622
,52.48816069982784,-1.9013196769477914
,52.48590338506859,-1.9019090433929016
,52.45664456904802,-1.8850868710631923
,52.519267632259094,-1.8130042923343679
,52.51874792380651,-1.8122450907108185
,52.52630359492036,-1.8932886103156343
Wickes,52.52606732955636,-1.8955725770162428
,52.52684300161947,-1.894030936352424
,52.419689340019495,-1.9608979507159727
,52.419553971106296,-1.9605980590113645
,52.41985866047909,-1.9614948932543332
,52.41985665672889,-1.9622023572357088
,52.45728425198601,-1.903249800831142
,52.558164772852145,-1.8242899435907594
,52.538518686300115,-1.834007312079121
,52.537314020132285,-1.8279631997506693
,52.42673173734703,-1.956516778773237
,52.426704413184495,-1.9562313946386234
,52.426671976939225,-1.9558996619336242
,52.426777339630675,-1.9569224537172727
Disabled,52.53257157984414,-1.781754137773419
Disabled,52.532345406329455,-1.781651200442896
Parent & Toddler,52.532371871529286,-1.7807850188033967
Disabled,52.53218477946093,-1.7799829129693805
Disabled,52.53208779143731,-1.7791751277506964
Parent & Toddler,52.53199637315196,-1.7792227830695921
,52.527229123645846,-1.7812758527453463
,52.526432437641866,-1.7795187142414601
,52.45323710986107,-1.8912224645119835
,52.421469906645136,-1.941933758007464
,52.50592110955706,-1.8636053444564087
,52.50613533929401,-1.8642944232141865
,52.42155424606092,-1.942045681760885
,52.41505003171822,-1.9310535278016767
Reception Car Park,52.430795015673105,-1.8768157385017012
,52.48983727328927,-1.9129612576564958
,52.494698412083466,-1.870662901062591
,52.49123051800816,-1.8705694283795244
,52.491213800720985,-1.8711202266442124
,52.5521468806301,-1.835078772345257
,52.523480420699734,-1.7640718318006803
,52.521484979562324,-1.764745511717807
,52.52275921456809,-1.7637208972878904
,52.523498560038966,-1.766813329276444
,52.520703135287796,-1.76526105858767
,52.48713321623262,-1.930276029996888
,52.44523083224248,-1.8197016896574
Pine Avenue Car Park,52.4551916010571,-1.8763529544209645
,52.53548224026168,-1.864359330483376
,52.495234950737654,-1.8952623393679766
,52.552805491629464,-1.8160530944320776
,52.508450599999996,-1.8199431000000008
,52.44380242600404,-2.009191047841985
,52.443661487741245,-2.0089034860508854
,52.44300150119904,-2.009000083323807
,52.411892650000006,-1.8776986000000002
,52.45828794302329,-1.952570207099451
,52.531963045852514,-1.7526326768844802
,52.56582457830225,-1.8347306789661662
,52.46098537384765,-1.97433087107821
Car Park 3,52.4876076287424,-1.8900330875579567
,52.48111640834316,-1.7709693620390166
,52.55401021105018,-1.8604998842580691
,52.53380685797226,-1.8312422949614642
,52.53383108359808,-1.8315571488651703
Breedon Court car park,52.420092124874245,-1.9214018748871693
,52.43720642385465,-1.8467853617230963
,52.5269351616363,-1.7884732343846055
Short Stay Parking,52.478038600587,-1.8998589102356331
,52.484246453039,-1.8099885787563472
,52.43653187886795,-1.8688723142113564
Event Parking Only,52.43667934551897,-1.8684976394565476
,52.55860279354628,-1.8231888299133812
,52.566497688837096,-1.8137455881640225
,52.568336734673146,-1.7881159956811208
,52.58713472960427,-1.8286300233469377
,52.58300683683021,-1.8277612728739059
B4 Parking,52.48435436518732,-1.8969274566535468
M & S Car Park,52.393378472629834,-1.9847971508187394
,52.586372546542506,-1.81925276005393
,52.585884277227166,-1.8193540811254474
,52.58597334431912,-1.8147674818568276
,52.41613489027907,-1.969553339645578
,52.515820180068665,-1.9036350567732645
,52.53263681311102,-1.8955915345972338
,52.52497290644954,-1.9413631545292982
,52.4905810159002,-1.9019309214735696
,52.49057794630642,-1.903045435053919
,52.491382105283414,-1.8794575953490844
,52.490475645372854,-1.8790190898969834
Disabled,52.49061283821223,-1.8796459955539409
,52.4905289234606,-1.879666391969609
,52.48931862795522,-1.8780771555250357
,52.50609223982615,-1.8716173305337034
Selco,52.42441925516224,-1.9238623217080317
,52.49274449658074,-1.8765746729026247
,52.59335125693403,-1.8121472345373113
,52.56570598318321,-1.7809612753263695
,52.56515334982894,-1.7806803509667117
,52.57324877501848,-1.8210516405384178
,52.55388182634373,-1.8299136961395996
,52.55492868590363,-1.8289546713964973
,52.55425926305137,-1.8294512546886064
,52.5350591449373,-1.7894674783708497
,52.53559456327487,-1.7914434947449318
,52.57148332862936,-1.8106392174802988
,52.537839488447055,-1.8299478793088033
,52.56017171399587,-1.7971631030295585
,52.56068340458863,-1.7966653114372058
,52.56089457810924,-1.795551358685043
,52.55602737090093,-1.792597138843543
,52.590179565263455,-1.8013474704342713
,52.58453481898315,-1.806832379859358
,52.566846879143,-1.7892237723244666
,52.55878050431445,-1.8766071175663752
,52.557403373243254,-1.8758461129104191
,52.56511744404217,-1.7992816745981592
,52.56460225795899,-1.798433928858082
,52.563196299999994,-1.7949365000000004
,52.56284521270659,-1.7918313024307664
,52.56912655606785,-1.7987790390614058
,52.56919403235004,-1.799407036289055
,52.559444900988005,-1.8203672699634168
,52.56605445000001,-1.7984187
,52.54145136595284,-1.8750452820893793
,52.550650156160174,-1.9015698893269333
,52.55256925679613,-1.8963404098564625
,52.554130691079436,-1.8978215187032337
,52.55335026549841,-1.8958934515475179
,52.47762670925078,-1.8943859138308972
,52.47762672465042,-1.8943853265823634
,52.42918614781988,-1.9035178581087941
,52.559965169585226,-1.786783764909891
,52.561269323337115,-1.7885285493872203
,52.45429704340172,-2.000554333991398
,52.46545490546238,-1.8585170136740203
,52.52465282078572,-1.7914267698715327
,52.49448642424274,-1.8807620932297107
,52.497016202994395,-1.8756048302787776
,52.496858298342396,-1.8757407479222634
,52.498249063390126,-1.8719397241536653
,52.49828681561443,-1.8715347791835466
,52.52610155574121,-1.8936746802878908
,52.42291374051139,-1.9823972149860627
,52.48213833423663,-1.9134125486106612
,52.47229239816917,-1.9344325309859778
,52.47287177421404,-1.9343647333812874
Disabled,52.460231100445846,-1.985457804693098
,52.46025258632035,-1.9852449032344377
,52.39947885713945,-1.9636273564236373
,52.44338403696533,-1.9786539164864874
,52.41295524791444,-1.929945890753528
,52.40703591302249,-1.9642740422341909
,52.46524915154131,-1.914337480005743
,52.42962454086067,-1.8250288186722872
Car Park 5,52.48882290270499,-1.8893948092318846
,52.55238619089435,-1.8670419589912732
,52.41601137033122,-1.9716929405763743
,52.41594969174816,-1.9713046220152832
,52.49812788337914,-1.8952759453320365
,52.4678597,-1.9055376499999996
,52.4677408,-1.90564125
,52.46788506755867,-1.9053515712661546
,52.4674914,-1.9049042999999997
,52.46757166491851,-1.9050270043216513
,52.46762419164918,-1.905157436390918
,52.52080709305827,-1.890171539618274
,52.513206052277795,-1.8848160795833975
,52.3948026,-1.93667965
,52.482554651990185,-1.8920982877524368
Car Park 7,52.488186878921226,-1.889352518052873
Ambulance Parking,52.48442184509026,-1.8960523721110585
,52.484336643088234,-1.8959266007290332
,52.48455668990313,-1.8962564400213466
,52.586412390705156,-1.8390644364373863
,52.592276073037134,-1.8450064364178043
,52.56519727459869,-1.879131043237782
,52.488701209907894,-1.9024196955894044
,52.488531229606075,-1.9007470989097341
,52.521169612845284,-1.8910337809822466
,52.449010771534475,-1.9345091693154854
,52.44912829439316,-1.9344637553675839
,52.46308541140904,-1.9240951297054987
,52.46339365531331,-1.9252625395435015
Mason Car Park,52.46085650441265,-1.9263784728124613
,52.459500770776444,-1.7765243204450518
,52.46372396890911,-1.9225716618242938
,52.56566447119621,-1.8221305787476036
,52.56532214923857,-1.8218254426780374
,52.563801975150895,-1.820451393008838
,52.56853619810687,-1.819789507206533
,52.56812336386838,-1.8198116434671698
,52.56811055732474,-1.8217362138005888
,52.56792919367529,-1.8226582260658366
,52.56674089933155,-1.8219584406875249
,52.566737657801056,-1.8213984131805447
,52.56787772932475,-1.82092171151387
,52.478652450000006,-1.9254728000000014
,52.47763694350127,-1.9258572615010296
,52.477304349850264,-1.9255368189402835
,52.45009188357958,-1.9133117012262073
Molecular Sciences Car Park,52.451862177638006,-1.9341859496842508
,52.4516114536757,-1.932067616786492
,52.53878976170808,-1.8802320334760738
,52.39763322729687,-1.941499216411144
,52.39270237178165,-1.9485937254172003
,52.41179680412061,-1.9306179179222884
,52.54154886095302,-1.8849197960704376
,52.45733158193976,-1.9274798241424247
,52.44895432854571,-1.9359151653029547
,52.45234785184385,-1.9264584475275777
,52.45244222537318,-1.9266643673922652
,52.45313969036315,-1.7854450398168331
,52.47181145209479,-1.9249612395135953
,52.47139192213996,-1.924928733964125
,52.47171434945377,-1.9261647477332804
,52.46535536955839,-1.9646366877271273
,52.47835523352031,-1.9345468395583936
,52.43268246950326,-1.8948882742263413
,52.433221009795844,-1.8949102127303197
Star Cars and Coaches Private Car Park,52.53335555028764,-1.8295526555785357
,52.53368875135619,-1.829891204863938
,52.49961733178628,-1.8073859862108153
,52.438595565128054,-1.8703020068776421
Fairways Physiotherapy Clinic Car Park,52.477416530242934,-1.8084360074040526
,52.39515910978215,-1.9321024688908421
,52.478570862450134,-1.818669404616314
,52.477684220103946,-1.8140446101519159
,52.47792173102859,-1.8156629645803932
,52.52255077887996,-1.783133568447004
,52.516665540611854,-1.7951632911575577
,52.50729804191907,-1.8681707551529334
,52.53105469007402,-1.886147037986596
,52.54820329181868,-1.839647217133277
,52.43920015,-1.8915557500000002
,52.48004579790142,-1.9111203402796624
,52.48003116275866,-1.9123131008856558
,52.40339440191085,-2.0161719183430717
,52.403093911279576,-2.0156229149751983
Pay & Display Car Park,52.408069032937014,-1.9296827246425168
,52.5179371334135,-1.7947263172431578
,52.44707584421433,-1.8206782789512963
,52.48424926308056,-1.885544299248958
,52.58697526563335,-1.8284485786242288
,52.397586537782594,-1.9670824493933128
,52.399963248125836,-1.9611915622452825
,52.400106034553936,-1.960447588600779
,52.39857920746861,-1.9610736103992163
,52.389091304848755,-1.9837015337072996
,52.38939155657383,-1.9835807666666665
,52.40518848691246,-1.951133537671701
,52.50263108994182,-1.8524534124446224
,52.40514060000002,-1.8736162
Digbeth Court pay & display,52.474590928279035,-1.882065054737456
,52.47073311987306,-1.8931087215736804
,52.47068670183793,-1.893957179380008
,52.47941682408858,-1.8873201363673604
,52.43399192880308,-1.894474010439557
,52.56789081831868,-1.8111162853946394
,52.58788212089823,-1.8300706792556591
,52.5008037,-1.770062550000001
,52.39754252004014,-1.9852220938910574
,52.402632617840965,-1.973257912208146
,52.47312432027257,-1.7582807970085725
,52.47229331746007,-1.757931470274382
,52.48486312044311,-1.7618793327195172
,52.40553350342427,-1.9468882722156475
,52.48522712152096,-1.8527703330309773
,52.52695009414912,-1.797069352513206
,52.52687399563728,-1.798500866747722
,52.52693621343302,-1.7977648212806512
,52.52685980093604,-1.7964127225100697
,52.45358925000001,-1.9374689499999997
,52.3965195364994,-1.9960039664850295
,52.47424352214901,-1.9046368240284959
,52.384888867524076,-2.002462741341769
,52.453793593042256,-1.9273917772433937
,52.469498156942954,-1.7717798762359407
,52.56376150220207,-1.877874863985264
,52.56344097885629,-1.8780978209493406
,52.56344504754155,-1.8774594729281873
BVGS Parking,52.569583729055424,-1.8199553821191192
Astroturf Parking,52.57000433621894,-1.8184012385587036
BCS Car Park,52.460931866574235,-1.9401482373310905
Drop-Off Zone,52.46096548055194,-1.941584799593101
Staff Car Park,52.46074010018009,-1.9386829927070535
St Phillips Parking,52.46112597893415,-1.9419597424122699
Nursery Parking,52.46001171439756,-1.938646057624245
Nursery Parking,52.45961957384016,-1.9386483629720306
,52.44372574969802,-1.9401025231951703
,52.39898614524875,-1.954045108951906
,52.39932237756068,-1.952911846245665
,52.3947607465061,-1.9852380513267192
South Gate Car Park,52.44768385282856,-1.9283756403834467
University of Birmingham Sport and Fitness Car Park,52.4485729209772,-1.9270250837817917
,52.41648508741337,-1.9313929647998493
,52.41731123608154,-1.9290687296300315
,52.47605913621409,-1.9024782202551065
,52.397420977709,-1.983252795166371
,52.5180301688983,-1.7817094092581351
,52.467031181060754,-1.9027993472323603
,52.51575789469297,-1.8123704709541428
,52.429724818703974,-1.920975484335248
,52.41292372872728,-1.955956384857549
Car Parking Spaces,52.51025656240223,-1.8587567705025376
,52.56233709778356,-1.8488469328673285
,52.407977499999994,-1.9283431
,52.45588817577062,-1.887054149444022
,52.57700229653371,-1.8269561170839612
,52.57735751599726,-1.8264112275339728
,52.52962481295667,-1.9422280677700232
,52.419875870141404,-1.8911793720471823
,52.47239163549286,-1.9376588272377766
,52.471736912195865,-1.9190480932518887
,52.47224673121271,-1.9196906857186806
,52.47030360375165,-1.9233222198108748
,52.470424003436094,-1.9229237304531877
,52.47006996656851,-1.9237367979214302
,52.47256933208058,-1.9223032499998836
,52.47303274950125,-1.9211364871634737
,52.473353350493966,-1.9196399972186529
,52.47520652171923,-1.9182104282607846
,52.47308004848483,-1.9203757506785553
,52.47249358238518,-1.9085382900944445
,52.47231673708864,-1.9086373146194393
Dudley Street Car Park,52.47629310226138,-1.8970418253635022
,52.474151744046836,-1.918303593538244
,52.47556108694762,-1.9150419236474325
,52.47506819485515,-1.9154480188084175
,52.475031886138424,-1.9159620070343815
Edgbaston Street Car Park,52.4759464936509,-1.8953889326607514
,52.471095497320206,-1.924664574913272
,52.470813507462175,-1.924211442825206
,52.47256802757408,-1.9076434298236264
,52.47551634463317,-1.8962901450452767
,52.474995246722756,-1.8962761587145809
,52.47127883116291,-1.9006826060289626
Navigation Street Car Park,52.47764917279212,-1.9037313122929818
,52.474993194832166,-1.8896180079311309
,52.47480501075695,-1.888886049116354
,52.541422034324576,-1.9178659233856032
,52.491682702568745,-1.8904891061017601
,52.471313694510314,-1.9198026020322403
,52.471097724253234,-1.920571934419487
,52.47085805435706,-1.920143175639101
Quadrant Court Car Park,52.47039573804193,-1.9207295312830297
EV North,52.47038232467812,-1.921495605893814
,52.47086306320644,-1.9212087108239775
,52.47067556428201,-1.921756085692701
,52.47051151514919,-1.9222319921807522
,52.47073625440955,-1.9189712837865323
,52.47020483398831,-1.918161425291291
,52.47070236036872,-1.9182569893650707
,52.47104914824133,-1.9153013061036865
,52.471373943143114,-1.9255152506403481
,52.47142525853853,-1.9240835009145432
,52.47154881178048,-1.9233190683263035
,52.47820853144681,-1.924616451956872
,52.47253501710671,-1.9228598314243421
,52.47306421874517,-1.9229867075355562
,52.47861128423051,-1.7811036742707427
,52.47574189999999,-1.9641696000000002
,52.482654383458325,-1.934716886409738
,52.47142225926682,-1.9178557214911756
,52.47144417887845,-1.9183183807016135
Amo Parking,52.44340599072032,-1.837342238157354
,52.45341135000001,-1.9992529
,52.52273731941873,-1.773137671986729
,52.52216254375493,-1.7660928527740687
,52.490561126204476,-1.8230525651090435
,52.49486947730634,-1.9190288815559982
,52.49435563669659,-1.8172485174858202
,52.49788855826629,-1.8485042553927133
,52.49832168053593,-1.843942341582622
,52.43759832306063,-1.9389209717098994
,52.43693665484597,-1.938009407476423
,52.43705676780132,-1.9388970150179472
,52.53069548634662,-1.9110536872961548
,52.53060329999999,-1.9113365999999996
,52.53080071347675,-1.9104315240042775
,52.53087171361711,-1.910542781878604
,52.53072013941271,-1.9112767656639145
,52.43836428425482,-1.9171046712998745
,52.515099085411094,-1.8720363952845631
,52.5154698838323,-1.8708459430895368
,52.42070953737459,-1.8924162060765566
,52.4154049074056,-1.8735996972036788
,52.54254989779184,-1.9268758747444512
,52.536197157546695,-1.9054713556795249
,52.511156592469106,-1.8798466622874621
,52.413144044054214,-1.8704631520769543
,52.47246649714201,-1.9295093530789245
,52.47449270921311,-1.9314359469679383
,52.487439579420695,-1.9371230004554267
,52.48715006826712,-1.936782780348092
,52.537244730842914,-1.8742568003845077
,52.47221151345569,-1.8843496460812854
Newman Close Car Park,52.43434073230253,-1.996705134699349
,52.45629013711067,-1.9370739333004867
,52.456242491033215,-1.9373876224284519
North Car Park,52.45272022136824,-1.9320371478530862
,52.52707137325921,-1.89898945970544
,52.508902323918896,-1.9625407180656853
,52.449481730450074,-1.912738794245901
,52.48742287644811,-1.848471134454777
,52.48801580632822,-1.848980219508927
,52.54967831747646,-1.8601765174554756
,52.39920840713742,-1.9552233879172376
,52.532606377745445,-1.9293118625123074
,52.47914089280552,-1.7826786604235332
,52.4902886282389,-1.9303423191410138
,52.49032288961554,-1.9295017326958839
,52.49101485463332,-1.9301799342171386
,52.49106847431424,-1.9298806812517195
,52.491062750000005,-1.9270652500000027
,52.514871011250975,-1.885430351965264
,52.51424488544321,-1.8857217459219542
,52.52920408556493,-1.9114184989457637
,52.51777951314277,-1.9323664348977192
,52.53046584023928,-1.9115835261732272
,52.49214534940459,-1.7954513659535614
,52.53657809568539,-1.9033127527540168
,52.53538139015691,-1.904753753718583
,52.5401764006103,-1.8982668694102935
,52.53468337429194,-1.9021105114632746
,52.5345985,-1.9021027499999945
,52.53639437940959,-1.90783024336741
,52.540995130027476,-1.9062865318118019
,52.48929813548401,-1.9290406206998298
,52.58852589789202,-1.825426993646265
,52.41622015,-1.8437953999999999
,52.41410993680741,-1.8715839795768434
,52.5420261492395,-1.8784319246068937
,52.51879239752109,-1.9326884567113929
,52.51883295,-1.9313188999999997
,52.51915516591262,-1.931846316896226
,52.39935206584997,-1.93730660296196
Drop-off and pick-up,52.4490922603028,-1.8462691022589035
,52.47963901598496,-1.8873664434458644
,52.414359596377516,-1.8840318705534222
,52.406840066587414,-1.8875936057476845
,52.42874292607665,-1.9344168323512922
,52.42869328879542,-1.933312754246136
,52.44859160036618,-1.8417977422638474
,52.4489322352054,-1.8492187339462598
,52.429051325432276,-1.9348993967466686
,52.43860138175661,-1.9388083198881065
,52.47151199287499,-1.8923688662192342
,52.52055450620035,-1.801617417736924
,52.521377807976535,-1.802152765105487
,52.43666001254881,-1.9448471066071167
,52.487904521584404,-1.9018398524877038
,52.46141441357773,-1.8406188814155613
,52.4731457573009,-1.8946812834022075
,52.47219610971749,-1.8936352617779215
Jubilee Business Center,52.47284651105896,-1.8940284464532917
Boltz,52.471085222424946,-1.8945395924432256
,52.47142975930671,-1.8947633610797785
National Probation Service,52.47243629719278,-1.8958163466072027
,52.47239943381859,-1.897290107439931
,52.47120686406589,-1.8974175410311995
Kent St Car Park,52.47148385828,-1.8972889559046426
,52.47094124860936,-1.8960380825807872
,52.47094437445164,-1.8948741399985838
,52.47158224209844,-1.8990064997499967
,52.471246508839286,-1.8991014407457836
,52.437647087679785,-1.8480395542368808
,52.487133410095105,-1.9318697638131388
,52.53108412776781,-1.9594294820754614
,52.56239624127444,-1.8280337214135485
,52.56248749965843,-1.8279469639095989
,52.56300507073171,-1.8289371259618128
,52.414694559135405,-1.9773678167994113
,52.55207004999999,-1.8598858000000003
,52.44343261609431,-1.8527083791354115
Aldi,52.45462817173175,-1.7922680349750912
,52.454875900000005,-1.7926681499999997
,52.45380568728121,-1.7873111041693648
,52.4617232257886,-1.8174994715457655
,52.55609428989903,-1.8693427085109988
,52.55617338989902,-1.8694192085110015
,52.55618990000001,-1.8689371000000001
,52.58806640209147,-1.8263973088775833
,52.429767894836665,-1.9227620470542672
,52.42941236379584,-1.9233318576114093
,52.4468237362574,-1.8239583157348433
,52.54273263099639,-1.8680467611730758
EV South,52.46990715151389,-1.9232459691258412
EV South,52.46950026246881,-1.922160850612918
,52.50191204162497,-1.7980432627720209
,52.502396047895864,-1.797759541881337
,52.49918596259937,-1.8029994812788779
,52.45136433955755,-1.8178503705468434
,52.40598905375115,-1.9968848341805325
,52.499770786318834,-1.8875153053364784
,52.450037863315735,-1.9393394195745117
,52.529526789583606,-1.89235480302045
,52.45897319885992,-1.9995109866150118
,52.53884965954664,-1.9105802754812913
Shackleton Staff Car Park,52.46216262314187,-1.9254880863414858
Chamberlain Tower Car Park,52.46329251727391,-1.9232313793603661
,52.52567290000001,-1.9112941
,52.52605899383061,-1.9129676138927016
,52.41823509939039,-1.859346814911231
,52.504378956195296,-1.8540784407915971
,52.447816024624856,-1.9415114780687734
,52.4483208354586,-1.9407892369610427
,52.439736195320826,-1.835322018431763
,52.46076024124378,-1.816469899530035
,52.46046900762335,-1.8166646578957395
,52.46035791061665,-1.8153327974514144
,52.46080777517586,-1.8160433952197093
,52.47727849324364,-1.889903714871244
,52.47762943669102,-1.8777292009470419
,52.477385999999996,-1.87795845
,52.446223640229775,-1.8200780340000124
,52.4903512313938,-1.7961532841264765
,52.4904543131923,-1.795607692220226
,52.45293123028112,-1.8440401182224935
,52.567596657368476,-1.8323476735904545
,52.471380224099704,-1.931039935701331
,52.56364557758884,-1.8313954176034202
,52.59612155618758,-1.8432590901447046
,52.55912898852061,-1.8183148345446267
,52.563616667409555,-1.8346638397028452
,52.52964720837126,-1.9276985799238378
,52.58875344273621,-1.8322296907566
,52.39684486292202,-1.9827320302991238
,52.56032382264258,-1.8878459591824808
,52.48951435907038,-1.9321112743141493
,52.48346548620476,-1.8807367750245076
,52.48387529270333,-1.9038997156509756
,52.44521812929206,-1.9347432727083138
,52.54275413139121,-1.902779848019011
,52.54353732196212,-1.9028397412650606
,52.5383783370697,-1.897032884520494
,52.462907827624896,-1.9968564404462161
,52.46520435106214,-1.9860707075599962
,52.51991576923359,-1.9011847955921126
,52.45517942256286,-1.8101569141392877
,52.529962643860465,-1.9047970204587317
,52.53095818350172,-1.9080313113840996
,52.531119852953935,-1.9093394523028024
,52.53078011100889,-1.9086487657826192
,52.45268893919968,-1.8279116181234623
,52.56735627141817,-1.7816236411033668
,52.56718521626077,-1.780870853021712
,52.45249100721538,-1.8283914630710234
,52.534077296589594,-1.9021813934800322
,52.53573675043014,-1.8901125514411075
,52.471685759670976,-1.9666636109124185
,52.5168064,-1.9119224
,52.5369999,-1.8753284999999997
NCP Henrietta Street,52.48808799967403,-1.8996867805768818
,52.53148446135847,-1.903520366300551
,52.530711984466684,-1.9064686335298566
,52.52026608236222,-1.8952433294497861
,52.52950128364512,-1.9102272148586354
,52.52958384538027,-1.9101127719006457
,52.529998136486604,-1.9101159011102413
,52.530406347384655,-1.909834734435592
,52.530830098884714,-1.9096768292448756
,52.53049302569445,-1.9094519676899455
,52.530026133292274,-1.9110528881265747
,52.52104896458766,-1.9001144026678467
,52.52119671790767,-1.9004941283983372
,52.520309762598245,-1.9002497999537682
,52.53891675322779,-1.8967744047685635
,52.539523473571336,-1.8982799261871093
,52.53958004672244,-1.896221064438975
,52.53937874744564,-1.8951974847393986
,52.539500326309735,-1.8975356562765286
,52.53085274824888,-1.8903935347396337
,52.53599833793095,-1.906717742190365
,52.551822459773206,-1.8851031421788826
,52.530087051073174,-1.9280524817229532
,52.52993245005651,-1.9281510165593272
,52.53032327097433,-1.9280348131182834
,52.51877132808598,-1.902900809276576
,52.51911914614666,-1.9018375667774676
,52.53671372650624,-1.8892489609903618
,52.50860459149629,-1.897626924454748
,52.50310940500069,-1.9091586633349176
,52.55443213052231,-1.8921563156707983
,52.53767735,-1.91282075
,52.536037288925286,-1.8749280875811243
,52.53594310970897,-1.8755388238265027
,52.523610767883945,-1.859465082270105
,52.550972673307506,-1.9073834570995478
,52.526098709434784,-1.8580167394004792
,52.58775448875546,-1.8275478314882954
,52.587875685915925,-1.8251198047145174
,52.53802304373668,-1.9109142304030697
,52.51452570268566,-1.8937837181627368
,52.54302393729021,-1.8795127331799844
,52.54322626791282,-1.877669948486804
,52.54315015,-1.8770566999999962
,52.542199537918236,-1.8781851948547161
,52.50227502814987,-1.8972984725300477
,52.50259588158263,-1.8980028184541962
,52.502759270976206,-1.897377181013371
,52.50318119379857,-1.8977742587688318
,52.5028072832767,-1.9008890773459661
,52.50278229034628,-1.9013584248915525
,52.511193909640255,-1.9399764389006375
,52.54830678248131,-1.8926544279414603
,52.54824880109615,-1.891874381379662
,52.548501250634175,-1.890887582345695
,52.52995254877351,-1.8962079446665143
,52.52953064999999,-1.8961144000000003
,52.52984368152407,-1.8928209105964584
,52.53643755419075,-1.8745523363460455
,52.540173322631986,-1.887839297944543
,52.539740495584425,-1.8968763586220732
,52.51973176301198,-1.8027460766922487
,52.48199323085245,-1.8087134850856759
,52.48129086352739,-1.8124666386785941
,52.48099259272974,-1.8123274731495977
,52.512281700826264,-1.8867208156220647
,52.48044964513304,-1.8855033620659174
,52.4805343054228,-1.885594765945506
,52.44920882351437,-1.9323647890680116
,52.44997620729528,-1.8187506722938331
,52.44418960936392,-1.821965386432472
,52.44559461293452,-1.824553878573334
,52.48600650829546,-1.9206434492557525
,52.50271775084701,-1.9320646082499369
,52.50278575877686,-1.9325849841309037
,52.48025380455404,-1.8924861193680262
,52.43525504111601,-1.8936364099989222
,52.43726865518787,-1.8931474993179354
,52.43486556236247,-1.893352687797757
,52.56881010528426,-1.8203255041823256
,52.56901024617906,-1.8210487201579821
,52.39574492429399,-1.9876244173044109
,52.513331566638485,-1.9371779043531607
,52.41670052975522,-1.9312022567299896
,52.48922358483047,-1.9319715664028076
,52.45376842746948,-1.8961614674680358
,52.52242120029223,-1.8477747861543692
,52.522303249680185,-1.8478513635363862
,52.52234043413137,-1.8473233525373678
,52.435991223077565,-1.8922478983731403
,52.441126144597106,-1.89489759184221
,52.437532938864734,-1.893220349546626
,52.437773070737926,-1.8934524361242715
,52.4372683585068,-1.8919266022450276
,52.548353579536936,-1.8848021628609806
,52.54825787002857,-1.8845171126211708
,52.39552068159948,-1.9955250949612424
,52.43855264205599,-1.893614695759762
,52.48760227220531,-1.84059890710659
,52.47608822991459,-1.7920990375697954
,52.404769651286884,-1.9460716708039854
,52.53524761131867,-1.9204962516330544
,52.535784518679705,-1.9208778191284397
,52.53528325,-1.92092555
,52.534320599293025,-1.7694968629806864
,52.47605587592791,-1.8997928005410911
,52.499530527956814,-1.9221630606285682
,52.43135277580078,-1.934685767327017
,52.432265685858056,-1.9343321722764453
,52.45010980367628,-1.8462087301597454
,52.58818056948699,-1.8253104757587273
,52.530607001833935,-1.903430315457944
,52.5398429394949,-1.9073889793040248
,52.540040624768444,-1.908192093290628
,52.54094749010935,-1.9080503723073572
,52.541249615249825,-1.908817655429098
,52.54176197107889,-1.9077821759390285
,52.54064570537419,-1.9070787578667572
,52.54030678692818,-1.8883136230567352
,52.54041501850644,-1.8871624920466523
,52.54089777278679,-1.8865578619539451
,52.54182984754402,-1.8857208181658216
,52.54891428152528,-1.8872766809495776
,52.472458369502945,-1.930735196717338
,52.47164902816312,-1.930170496662962
,52.47132849886065,-1.9302381737402172
,52.47135713207664,-1.9295987595282287
,52.47089449004752,-1.9315332599274782
,52.47106558959786,-1.9299599336871354
,52.47110940657122,-1.9293038953070905
,52.47187803052251,-1.9256377964329645
,52.51911438619118,-1.9013164203786812
,52.53308933117726,-1.875301015975005
,52.533334926571044,-1.8730629247858788
,52.53301813633739,-1.8701707615118985
,52.53301997452492,-1.8686723054210153
,52.49861126279945,-1.8386269642982649
,52.442456239303645,-1.8120677330715762
,52.49267280797152,-1.891826180347378
,52.493171178092595,-1.89109578213989
,52.49338014701399,-1.8916425416866929
,52.49351445297915,-1.890151316455479
,52.49288323096186,-1.8898257063788595
,52.501073749257394,-1.9255143889769857
,52.45331865403699,-2.009942102175704
,52.45227155,-2.0116072000000003
,52.452724095837226,-2.0108669866568887
,52.451412545755844,-2.0118442040003464
,52.45391614084929,-2.010477799251753
,52.453120246481326,-2.0113999428438563
,52.45193589801503,-2.0105883580810926
,52.49535702437449,-1.907956728578143
,52.49317738607187,-1.9108842860043043
,52.492865114931035,-1.9112053583505832
,52.49273236438573,-1.9114315828855188
,52.49057970136428,-1.8220109410263325
,52.48815760519364,-1.8303257687045111
,52.47267502724091,-1.9371007395750555
,52.49393612019021,-1.9111488365277185
,52.49416458332168,-1.911597590890504
,52.49433549942152,-1.9120351357067675
,52.500203716555944,-1.9017916568574351
,52.51913229853257,-1.894521895031015
,52.5208599440897,-1.8945866699324159
,52.5168494221313,-1.891574458648283
,52.512052256890954,-1.9030459579724053
,52.51622795044025,-1.9070318271165427
,52.516550969430995,-1.9083902542186073
,52.495152061377595,-1.894158834224645
,52.53548740409554,-1.8936026149496448
,52.46530481023603,-1.9847858805968344
,52.45502484953135,-1.8577038166980469
,52.45185873663943,-1.8555933119883732
,52.451758072259885,-1.8543344409957345
,52.45283041692449,-1.8545274867761794
,52.452464956907654,-1.8546531522077143
,52.45494994312784,-1.8549414016425105
,52.488296757955034,-1.8743503620802524
,52.4884614096386,-1.9030113164200395
,52.522420353904856,-1.8875129990894495
,52.5220074444137,-1.889041335890464
,52.52163733623049,-1.8873992809799016
,52.52312434219791,-1.8859153825408104
,52.52260866298396,-1.8854107897972259
,52.52228175207959,-1.8862046786186513
,52.5167232815053,-1.8861945362033283
,52.51606976382882,-1.8884024609912367
,52.51693679490647,-1.883198842937953
,52.51665877326881,-1.8849049470544412
,52.517669446214704,-1.8865228609984495
,52.51830416528744,-1.8866494387038568
,52.519790017088084,-1.887665081983639
,52.51996183844447,-1.888321448399317
,52.519589309109975,-1.8887022844125332
,52.51924919804465,-1.8867936430402525
,52.524424051246285,-1.8940914286237778
,52.52468106950431,-1.8937834577766801
,52.5243768908607,-1.8956228671954283
,52.52483729685602,-1.8925850394786017
,52.525096450115726,-1.8941022383424126
,52.52515283246138,-1.8962611580840305
,52.52484168929809,-1.8961265506752507
,52.52483635293532,-1.8957463529237215
,52.52385019452917,-1.890677371316841
,52.52402920937567,-1.8901739189700288
,52.5243408920845,-1.8905344689927979
,52.52444304173927,-1.8898259329519633
,52.52374240312209,-1.8889939820521673
,52.523621272475445,-1.8843671222536145
,52.521667575024296,-1.882610508804004
,52.476271829932315,-1.910856763668303
,52.50293856325736,-1.8838798221078519
,52.4535829613005,-2.003747323388263
,52.517915025903164,-1.9232514573492774
Arts Car Park,52.450934896644576,-1.9277840489785518
,52.42128705827063,-1.8911798078395967
,52.445748425303364,-1.8302248067422648
,52.44017908461834,-1.8490367565535357
,52.45222921244009,-1.9409158945715714
,52.42813426698124,-1.9221088906862598
,52.423337777129,-1.921198939014555
,52.448629842848426,-1.9299310560581477
,52.48806316691011,-1.899906249975837
,52.483834069814996,-1.7724130486544396
,52.483682761406406,-1.7718086238282746
,52.48477783416602,-1.7705775320778327
,52.48488071431189,-1.771120536058567
,52.483911134163854,-1.7697597974213002
,52.49940906035889,-1.7913344365204673
,52.499206800615504,-1.791066169423459
,52.437059142406284,-1.9615799312302842
,52.48455354129824,-1.7670380432880746
,52.409444951106025,-1.9707790535530232
,52.38695882831921,-1.9972429351128456
,52.384724099018186,-2.001613819510324
,52.38505067777272,-1.987915459916702
,52.38610790567543,-2.0028629094082184
,52.480117360852184,-1.8401441294644754
,52.48026677984246,-1.8398021182569932
,52.47999423881656,-1.83902814080791
,52.48139484609011,-1.8396654468263365
,52.48033620322548,-1.8375480694237734
,52.42863491647065,-1.9212159307829002
,52.429553129350325,-1.9200591822443525
,52.48173924535735,-1.7716127203015297
,52.48185208835185,-1.7703068467193943
,52.48118938308133,-1.7708968867492592
,52.4804048329903,-1.7717971067217408
Visitors Car Park,52.433347833795956,-1.9954669369060687
,52.48016680393233,-1.8935451265263579
,52.50267842575153,-1.9344178158056777
,52.45619888221404,-1.9123417043513176
,52.45648264999519,-1.912659683329162
,52.45658753281806,-1.913390652518639
,52.45582987500079,-1.913854641177686
,52.455647101864166,-1.9144322843553607
,52.45479012605416,-1.9141095841664089
,52.45641764415927,-1.9143678532123907
,52.40381490646606,-1.929795962786068
,52.40351152976207,-1.9304070460319631
,52.40346119315839,-1.9311972303356975
,52.40259792418467,-1.9298958397487156
,52.40858407784943,-1.9739031092799313
,52.41278282387968,-1.9641562976384996
,52.44497918734477,-1.834780419506231
,52.44484646810002,-1.9029327837861585
,52.44546068414206,-1.8847988372023148
,52.447653370326485,-1.8843710675932575
,52.46611741101716,-1.9271616297252114
,52.46578312399209,-1.9269331491181219
,52.46794973801999,-1.9237412225795618
,52.46748887873861,-1.9273841193276802
,52.46736712010223,-1.9283916155090828
,52.46076102223677,-1.8332767924089322
,52.46174873510999,-1.823478445231121
,52.478502399999996,-1.9171412
,52.474363966814046,-1.8361288292165507
,52.44993646205407,-1.9357592556959624
,52.4500271046228,-1.9289472070525115
,52.4540134356495,-1.9290209042143205
,52.453617272024324,-1.9302379620247778
,52.45352320497682,-1.9284475322653767
,52.449800477558746,-1.9345491244001205
,52.448981772123496,-1.9334794578369436
,52.42057648637953,-1.9348702024824995
Ashley Car Park,52.45115287461582,-1.9273775589799873
,52.486852314990585,-1.9127556788586084
,52.45201732077207,-1.9269381152841858
,52.44558067475195,-1.9401672283205027
,52.44657131763062,-1.932646634966921
,52.45802557074549,-1.904048348042397
,52.44678102919918,-1.9301825195139073
,52.44674509752285,-1.930714818286484
,52.50819827898274,-1.9490599852358332
Caroline Street Car Park,52.48723220000188,-1.9089844999191121
,52.454890678206375,-1.9351066903919831
,52.51357471835034,-1.8813165091087622
,52.450157937061824,-1.9264812856447464
,52.44831313785557,-1.935189014895164
,52.45221579948883,-1.9331070269290846
,52.45235535656092,-1.9327275450284453
,52.450962663864146,-1.9128483821347366
,52.452960456486856,-1.9363721338840625
,52.55282637551735,-1.8853058782574574
,52.47988909699886,-1.8951956439900683
,52.55253835000001,-1.8853233999999999
,52.552983802502034,-1.8859107426373372
,52.55314731939859,-1.8861159453468783
,52.551885735748165,-1.8835806226277128
,52.487330732273044,-1.9136974097477086
,52.482296008400475,-1.8733944458813319
,52.50621824044719,-1.8690432789586808
,52.462547900000004,-1.8591943
,52.450771911623136,-1.8519339961879289
,52.41390739498075,-1.8808380760489523
,52.44567932952874,-1.927987344148941
,52.459106116049746,-1.97040748223432
,52.46015569597461,-1.9668947866202073
,52.51888973262767,-1.8044351588661187
,52.52199670309121,-1.799469881813195
,52.55673692693769,-1.887334075333473
,52.55570854456185,-1.8961997326128368
,52.58961799925978,-1.847173857348741
,52.48149003344381,-1.929382455446772
,52.481725394106206,-1.929754991806139
,52.481491939784625,-1.9289754245793056
,52.481657012379316,-1.9286948905863204
,52.59589237142652,-1.8343712307041273
,52.58777696620931,-1.8311546399344711
,52.5877699220642,-1.8313855206691048
,52.58576661666404,-1.8287333397678598
,52.472552750000006,-1.9316855999999885
,52.4751502607836,-1.8281056390194494
,52.475959123959555,-1.829529457876866
,52.4829579816728,-1.8964765174732683
,52.514837237885075,-1.8377998343089181
,52.48392809715836,-1.892835380284453
,52.484400745110364,-1.8935114528017498
,52.483988397537246,-1.8941933003741573
,52.483749849999995,-1.8945785500000003
,52.5220544218062,-1.8915311099479761
One Snowhill Underground Car Park,52.48310800603251,-1.8980734721254675
